order_id,payer_id,receiver_id,amount,order_time,payment_subject,refund_flag
O008,U012,U012,9.9,2026-06-21 10:20:00,PS012,0
O007,U011,U009,499.0,2026-06-21 10:10:00,PS900,1
O006,U010,U009,399.0,2026-06-21 10:05:00,PS900,1
O005,U009,U009,299.0,2026-06-21 10:00:00,PS900,1
O004,U006,U005,199.0,2026-06-21 09:45:00,PS003,1
O003,U004,U003,129.0,2026-06-21 09:40:00,PS002,1
O002,U002,U003,99.0,2026-06-21 09:35:00,PS002,1
O001,U001,U003,19.9,2026-06-21 09:30:00,PS001,0
